<?xml version="1.0" encoding="UTF-8"?>
<manifest identifier="com.example.scorm.sample" version="1.0" 
          xmlns="http://www.imsglobal.org/xsd/imscp_v1p1" 
          xmlns:adlcp="http://www.adlnet.org/xsd/adlcp_v1p3" 
          xmlns:adlseq="http://www.adlnet.org/xsd/adlseq_v1p3" 
          xmlns:adlnav="http://www.adlnet.org/xsd/adlnav_v1p3" 
          xmlns:imsss="http://www.imsglobal.org/xsd/imsss" 
          xmlns:xsi="http://www.w3.org/2001/XMLSchema-instance" 
          xsi:schemaLocation="http://www.imsglobal.org/xsd/imscp_v1p1 imscp_v1p1.xsd 
                              http://www.adlnet.org/xsd/adlcp_v1p3 adlcp_v1p3.xsd 
                              http://www.adlnet.org/xsd/adlseq_v1p3 adlseq_v1p3.xsd 
                              http://www.adlnet.org/xsd/adlnav_v1p3 adlnav_v1p3.xsd 
                              http://www.imsglobal.org/xsd/imsss imsss_v1p0.xsd">
  <metadata>
    <schema>ADL SCORM</schema>
    <schemaversion>2004 4th Edition</schemaversion>
  </metadata>
  <organizations default="ORG-001">
    <organization identifier="ORG-001">
      <title>Sample SCORM Course</title>
      <item identifier="ITEM-001" identifierref="RES-001">
        <title>Introduction to SCORM</title>
      </item>
    </organization>
  </organizations>
  <resources>
    <resource identifier="RES-001" type="webcontent" adlcp:scormType="sco" href="index.html">
      <file href="index.html"/>
    </resource>
  </resources>
</manifest>