QuestionText,OptionA,OptionB,OptionC,OptionD,CorrectOption
เป้าหมายหลักของ AI Coding Assistant ในงานธุรกิจคือข้อใด,แทนที่ความรับผิดชอบของทีมทั้งหมด,แปลงโจทย์ที่ชัดเจนเป็นต้นแบบและงานย่อยที่ตรวจสอบได้,สร้างโค้ดให้ยาวที่สุด,หลีกเลี่ยงการทดสอบ,B
ก่อนเริ่มสั่ง AI ให้สร้างระบบ สิ่งใดควรถูกระบุก่อน,สีของปุ่มทุกปุ่ม,user outcome และเกณฑ์รับงาน,ชื่อไฟล์ทั้งหมด,จำนวนบรรทัดโค้ด,B
องค์ประกอบใดช่วยให้ Prompt มีคุณภาพสูง,บริบท เป้าหมาย ข้อจำกัด และรูปแบบผลลัพธ์,คำสั่งสั้นที่สุดเท่านั้น,ข้อมูลลับทั้งหมดของบริษัท,การขอหลายระบบพร้อมกัน,A
ข้อใดไม่ควรใส่ใน Prompt ให้ AI Coding Assistant,ข้อมูลจำลอง,เกณฑ์การทดสอบ,API key หรือรหัสผ่านจริง,ข้อกำหนดด้าน accessibility,C
Acceptance criteria มีหน้าที่สำคัญอย่างไร,ทำให้โค้ดยาวขึ้น,กำหนดหลักฐานว่างานผ่านตามที่ต้องการ,ใช้แทนการทดสอบ,เพิ่มค่าใช้จ่าย,B
แนวทางที่เหมาะสมที่สุดหลัง AI สร้างโค้ดคือข้อใด,นำขึ้น production ทันที,คัดลอกลงระบบโดยไม่อ่าน,อ่าน diff รันและทดสอบตามเกณฑ์รับงาน,ลบ error handling,C
การแบ่งงานให้ AI แบบใดช่วยให้ตรวจสอบง่าย,ขอสร้างทั้งแพลตฟอร์มในคำสั่งเดียว,แยก UI validation data flow และ tests เป็นงานย่อย,ไม่กำหนดขอบเขตงาน,เปลี่ยน requirement ทุกครั้ง,B
เมื่อ AI เสนอ library ใหม่ ทีมควรทำอย่างไร,ติดตั้งทันทีโดยไม่ตรวจสอบ,ตรวจความน่าเชื่อถือ license และผลกระทบต่อระบบ,ใช้เฉพาะเพราะชื่อดัง,ปิดการทดสอบก่อน,C
กรณีใดเป็นตัวอย่างของ user outcome ที่ดี,สร้างหน้าเว็บที่สวยที่สุด,ผู้จัดการอนุมัติคำขอลาได้ภายใน 2 นาทีพร้อมข้อมูลครบถ้วน,มีโค้ด 1000 บรรทัด,ใช้ framework ล่าสุด,B
สิ่งใดช่วยลดความเสี่ยงจากโค้ดที่ AI สร้าง,ขอให้ AI รับรองว่าไม่มีบั๊ก,ใช้ test cases และให้มนุษย์ review,ไม่ใช้ version control,รวมทุก feature ใน pull request เดียว,B
Prompt ใดเหมาะกับการเริ่มต้น prototype,สร้างระบบ HR ทั้งหมดเดี๋ยวนี้,ช่วยวางแผนและ acceptance criteria สำหรับฟอร์มขอลางานก่อนเขียนโค้ด,เขียนโค้ดโดยไม่ถามอะไร,ดึงข้อมูลพนักงานจริงมาใช้ทันที,B
เมื่อ requirement ยังคลุมเครือ ขั้นตอนแรกคืออะไร,เดาความต้องการแล้วเขียนโค้ด,ถามคำถามเพื่อทำให้ user flow และผลลัพธ์ชัดเจน,เพิ่ม feature ให้มากที่สุด,ข้ามขั้นตอน discovery,B
ข้อใดเป็นตัวอย่างของ validation ที่ควรมีใน form,ปล่อยให้ส่งข้อมูลว่างได้,ตรวจรูปแบบข้อมูลและแสดงข้อความแก้ไขที่เข้าใจง่าย,ซ่อนปุ่มส่งเสมอ,ไม่แจ้ง error ให้ผู้ใช้,B
เหตุใดจึงควรตรวจ diff ก่อน merge โค้ดจาก AI,เพื่อดูว่ามีการเปลี่ยนแปลงที่ไม่ตั้งใจหรือเสี่ยงต่อระบบหรือไม่,เพื่อเพิ่มจำนวนไฟล์,เพื่อให้ AI ทำงานช้าลง,เพื่อไม่ต้องทดสอบ,A
การใช้ข้อมูลจำลองใน prototype มีประโยชน์อย่างไร,ทำให้ใช้ข้อมูลส่วนบุคคลได้ง่ายขึ้น,ลดความเสี่ยงต่อข้อมูลจริงระหว่างทดลองแนวคิด,ทำให้ไม่ต้องทำ security review,ใช้แทนฐานข้อมูลจริงเสมอ,B
หากผลลัพธ์จาก AI ยังไม่ตรงโจทย์ ควรปรับอย่างไร,ส่งคำสั่งเดิมซ้ำโดยไม่เปลี่ยนอะไร,เพิ่มบริบท ตัวอย่าง และเกณฑ์รับงานที่ชัดเจน,ยกเลิกการตรวจสอบทั้งหมด,ให้ AI เลือก requirement เอง,B
บทบาทของมนุษย์เมื่อใช้ AI Coding Assistant คืออะไร,เป็นผู้รับผิดชอบการตัดสินใจ คุณภาพ และความปลอดภัย,ไม่ต้องตรวจงานอีกต่อไป,ทำหน้าที่กดปุ่มเท่านั้น,ส่งข้อมูลลับให้ AI,A
ข้อใดสะท้อนการสร้างงานแบบ iterative,รอสร้างทุกอย่างจนเสร็จก่อนทดลอง,สร้างส่วนเล็กที่สุดที่ใช้ได้ เก็บ feedback แล้วปรับปรุง,เปลี่ยนเครื่องมือทุกวัน,หลีกเลี่ยงผู้ใช้จริง,B
เมื่อพบ bug จากโค้ดที่ AI สร้าง วิธีที่ดีคืออะไร,บอก AI เพียงว่ามันผิด,แนบ error ขั้นตอนทำซ้ำและผลลัพธ์ที่คาดหวังโดยไม่เผยข้อมูลลับ,ลบ code ทั้งหมดทันที,ปิด log เพื่อไม่ให้เห็นปัญหา,B
ก่อนส่งมอบงานที่มี AI ช่วยพัฒนา สิ่งใดต้องยืนยัน,โค้ดดูซับซ้อนเพียงพอ,การทำงาน ความปลอดภัย และเกณฑ์รับงานผ่านจริง,AI ตอบเร็วมาก,ใช้คำศัพท์เทคนิคจำนวนมาก,B
