<?xml version="1.0" encoding="UTF-8"?>
<manifest identifier="sample_scorm_package" version="1.0" 
          xmlns="http://www.imsproject.org/xsd/imscp_rootv1p1p2" 
          xmlns:adlcp="http://www.adlnet.org/xsd/adlcp_rootv1p2" 
          xmlns:xsi="http://www.w3.org/2001/XMLSchema-instance" 
          xsi:schemaLocation="http://www.imsproject.org/xsd/imscp_rootv1p1p2 imscp_rootv1p1p2.xsd 
                              http://www.imsglobal.org/xsd/imsmd_rootv1p2p1 imsmd_rootv1p2p1.xsd 
                              http://www.adlnet.org/xsd/adlcp_rootv1p2 adlcp_rootv1p2.xsd">
  
  <metadata>
    <schema>ADL SCORM</schema>
    <schemaversion>1.2</schemaversion>
    <lom xmlns="http://www.imsglobal.org/xsd/imsmd_rootv1p2p1" 
         xmlns:xsi="http://www.w3.org/2001/XMLSchema-instance" 
         xsi:schemaLocation="http://www.imsglobal.org/xsd/imsmd_rootv1p2p1 imsmd_rootv1p2p1.xsd">
      <general>
        <identifier>sample_scorm_package</identifier>
        <title>
          <string language="en">Sample SCORM Learning Module</string>
        </title>
        <description>
          <string language="en">A sample SCORM package demonstrating basic e-learning functionality with progress tracking and interactive content.</string>
        </description>
      </general>
    </lom>
  </metadata>
  
  <organizations default="sample_org">
    <organization identifier="sample_org">
      <title>Sample SCORM Course</title>
      <item identifier="item_1" identifierref="resource_1">
        <title>Introduction to SCORM</title>
      </item>
    </organization>
  </organizations>
  
  <resources>
    <resource identifier="resource_1" type="webcontent" adlcp:scormtype="sco" href="index.html">
      <file href="index.html"/>
    </resource>
  </resources>
  
</manifest>